,accuracy,corr
no1,0.14133333333333334,
no2,0.14133333333333334,
no3,0.14133333333333334,
no4,0.14133333333333334,
no5,0.11066666666666666,0.3715683446303804
no6,0.14133333333333334,
no7,0.14133333333333334,
no8,0.14133333333333334,
no9,0.14133333333333334,
no10,0.14133333333333334,
no11,0.14133333333333334,
no12,0.11466666666666667,0.4011862959144275
no13,0.14133333333333334,
no14,0.14133333333333334,
no15,0.14133333333333334,
no16,0.19866666666666666,0.36644158973920204
no17,0.14133333333333334,
no18,0.11466666666666667,-0.2760842519448976
no19,0.14133333333333334,
no20,0.10333333333333333,0.295839446296442
no21,0.14133333333333334,
no22,0.13466666666666666,0.18863992599597632
no23,0.14133333333333334,
no24,0.14133333333333334,
no25,0.14133333333333334,
total,0.14133333333333334,
reliable,0.14133333333333334,
no10_aug,0.546,0.622696586364635
no11_aug,0.14133333333333334,
no12_aug,0.14133333333333334,
no13_aug,0.14133333333333334,
no14_aug,0.11,0.3231772634124065
no15_aug,0.14133333333333334,
no16_aug,0.138,0.561799697340817
no17_aug,0.13466666666666666,-0.0653418285039187
no18_aug,0.14133333333333334,
no19_aug,0.14133333333333334,
no1_aug,0.11133333333333334,0.37778988989953033
no20_aug,0.14133333333333334,
no21_aug,0.14133333333333334,
no22_aug,0.14133333333333334,
no23_aug,0.15666666666666668,0.5910598035257293
no24_aug,0.14133333333333334,
no25_aug,0.14133333333333334,
no2_aug,0.14133333333333334,
no3_aug,0.14133333333333334,
no4_aug,0.7433333333333333,0.7001007321411791
no5_aug,0.12066666666666667,0.4747846590839365
no6_aug,0.14133333333333334,
no7_aug,0.14133333333333334,
no8_aug,0.14133333333333334,
no9_aug,0.14133333333333334,
reliable_aug,0.14133333333333334,
total_aug,0.14133333333333334,
